{"class_index": 5, "use_calibrated": true, "thresholds": {"melanoma_spec95": 0.7238592505455017, "melanoma_spec90": 0.614717423915863}}