{"class_index": 5, "use_calibrated": true, "thresholds": {"melanoma_spec95": 0.5427102446556091, "melanoma_spec90": 0.48277291655540466}}